topic,count,depth,parent,definition,emoji,examples
Financial Problems,5,1,reasons why she left you,"Financial problems refer to the difficulties or challenges one faces in managing their money or finances. These problems can arise from a variety of factors, such as overspending, debt, insufficient income, poor financial planning, or unexpected expenses. In the context of a relationship, financial problems can be a significant source of stress and conflict, and can ultimately lead to the breakdown of the relationship.",üí∏,"- Accumulated debt from overspending on credit cards or loans
- Insufficient income to cover basic expenses and bills
- Poor financial planning or budgeting leading to constant financial strain
- Unexpected expenses or emergencies depleting savings and causing financial stress
- Disagreements or conflicts over spending habits or financial goals within the relationship."
Communication Issues,5,1,reasons why she left you,"Communication issues refer to difficulties or problems that arise due to a lack of proper exchange of information or ideas between individuals or groups. In the context of a relationship, communication issues can lead to misunderstandings, lack of trust, and ultimately, a breakdown in the relationship, which could be one of the reasons why she left you.",ü§ê,"- She felt like you never listened to her when she talked
- You would often interrupt her mid-conversation
- You would avoid discussing important topics or would shut down during arguments
- You would frequently misinterpret her words or intentions
- You would use passive-aggressive language instead of directly addressing issues
- You had different communication styles and couldn't find a common ground
- You didn't prioritize communication as an important aspect of the relationship."
Trust Issues,3,1,reasons why she left you,"Trust issues refer to a lack of confidence or faith in someone's reliability, integrity, or ability to keep promises. It can stem from past experiences or behaviors that have caused a breach of trust, leading to feelings of suspicion and doubt. Trust issues can have a significant impact on relationships, often causing them to falter or end altogether. In the context of a failed relationship, trust issues may be a contributing factor to why she left you.",ü§î,"- You frequently lied to her about small things, making her doubt your honesty about bigger things.
- You broke promises or commitments to her, causing her to question your reliability and follow-through.
- You were secretive or evasive about certain aspects of your life, making her feel like you were hiding something from her.
- You cheated on her or betrayed her trust in a major way, causing irreparable damage to the relationship.
- You had a history of flakiness or inconsistency in your behavior, making her unsure of how you would act in the future."
Lack Of Emotional Support,3,1,reasons why she left you,"Lack of emotional support refers to a situation where a person does not receive adequate emotional care and attention from their partner or loved ones. It can lead to feelings of loneliness, neglect, and disconnection, which can ultimately result in the breakdown of a relationship. In the context of why she left you, it suggests that you were unable to provide her with the emotional support and connection she needed, which may have been a contributing factor in her decision to end the relationship.",üíî,"- You never asked her how her day was or showed interest in her life.
- When she expressed her feelings or emotions, you brushed them off or didn't take them seriously.
- You were consistently unavailable when she needed someone to talk to or support her through a difficult time.
- You didn't prioritize spending quality time with her or making her feel loved and appreciated.
- You didn't validate her emotions or provide a safe space for her to express herself without judgment."
Lack Of Financial Stability,3,2,Financial Problems,"Lack of financial stability refers to an individual's inability to manage their finances effectively, resulting in financial problems such as debt, unpaid bills, and limited income. It can be a significant factor in relationships as it can cause stress, strain, and ultimately lead to a breakup.",üí∏,"- Consistently overspending and not having enough money to pay bills on time
- Having a low-paying or unstable job that doesn't provide enough income to support basic necessities
- Accumulating high levels of debt and not having a plan to pay it off
- Not having an emergency fund or savings account for unexpected expenses
- Being financially irresponsible and not taking ownership of financial responsibilities in the relationship
- Constantly borrowing money from friends or family members because of poor financial management
- Having a history of bad credit or not being able to obtain credit due to financial instability"
Financial Infidelity,3,2,Financial Problems,"Financial infidelity refers to the act of hiding financial information or activities from a partner, such as secret bank accounts, excessive spending, or lying about debts. It can lead to a breakdown in trust and communication within a relationship, contributing to reasons why a partner may choose to leave.",üí∏,"- Secretly opening a credit card account without informing your partner and racking up a significant amount of debt
- Lying about your income or job status, leading your partner to believe you are contributing more financially than you actually are
- Spending large amounts of money on frivolous purchases without discussing it with your partner or sticking to a mutually agreed-upon budget
- Hiding assets, such as investments or property, from your partner during divorce proceedings
- Failing to disclose financial problems, such as bankruptcy or unpaid taxes, which can impact both partners' credit scores and financial stability."
Poor Communication Skills,6,2,Communication Issues,"Poor communication skills refer to the inability to effectively convey ideas, thoughts, or feelings to another person. It may involve problems with articulation, language, tone, or body language. In the context of a relationship, poor communication can lead to misunderstandings, conflicts, and ultimately breakups. It may also involve a lack of active listening and empathy towards one's partner, which can cause them to feel unheard and unimportant in the relationship, leading to a breakdown in communication and ultimately contributing to the reasons why she left you.",ü§∑‚Äç‚ôÇÔ∏è,"- Frequently interrupting her when she is speaking
- Refusing to engage in open and honest communication about sensitive topics
- Using aggressive or defensive language during disagreements
- Failing to actively listen to her concerns and dismissing her feelings
- Ignoring nonverbal cues or body language that indicate she is uncomfortable or upset
- Criticizing or belittling her ideas or opinions during conversations
- Avoiding difficult conversations altogether instead of addressing them head-on
- Making assumptions about what she is thinking or feeling without checking in with her first."
Non-Verbal Communication Issues,5,2,Communication Issues,"Non-verbal communication issues refer to difficulties in conveying messages or meanings through facial expressions, body language, tone of voice, and other non-verbal cues. These issues can result in misunderstandings, misinterpretations, and ultimately, breakdowns in communication. Non-verbal communication issues may have played a role in the reasons why she left you, as they can create barriers to effective communication and lead to relationship problems.",ü§∑‚Äç‚ôÄÔ∏è,"- Lack of eye contact during conversations or important discussions
- Crossed arms or closed body language during interactions
- Use of dismissive or sarcastic tone of voice when communicating
- Inability to read or interpret non-verbal cues from partner
- Poor posture or lack of physical touch during intimate moments 
- Inconsistent or confusing facial expressions that do not match the tone of the conversation 
- Interrupting or talking over partner during conversations 
- Failure to acknowledge or respond to partner's non-verbal cues or signals."
Dishonesty In Communication,3,2,Communication Issues,"Dishonesty in communication refers to intentionally misleading or withholding information during communication. This can include lying, exaggerating, or omitting important details. It can lead to a breakdown in trust and damage relationships, which may be a contributing factor to why she left you.",ü§•,"- Lying about where you were or who you were with
- Exaggerating your achievements or accomplishments to impress her
- Withholding important information or details that may have affected the relationship
- Making promises or commitments that you had no intention of keeping
- Pretending to be someone you're not in order to impress her
- Using dishonest tactics to manipulate or control the conversation or situation."
Lack Of Communication,3,2,Trust Issues,"""Lack of communication"" refers to a breakdown in the exchange of information, ideas, and feelings between two parties. In the context of a relationship, it can lead to misunderstandings, unresolved conflicts, and a lack of trust. It is often cited as one of the reasons why a partner may choose to leave a relationship.",ü§ê,"- Not sharing important details about your life, such as work stress, financial troubles, or family issues.
- Failing to express your feelings and emotions, leaving your partner guessing about how you truly feel.
- Refusing to listen to your partner's concerns, dismissing their opinions or feelings as unimportant.
- Avoiding difficult conversations, such as discussing your future together, making important decisions, or addressing conflicts.
- Using non-verbal communication that sends mixed messages, such as avoiding eye contact, crossing your arms, or fidgeting when your partner talks to you."
Insecurity,3,2,Trust Issues,"Insecurity refers to a lack of confidence, self-doubt, and uncertainty about oneself or a situation. It can lead to trust issues and may be one of the reasons why she left you. Insecurity can manifest in different ways and affect various aspects of one's life, including relationships.",ü•∫,"- Constantly seeking reassurance and validation from her
- Being overly jealous and possessive
- Being too controlling and not allowing her to have her own space or make her own decisions
- Being unable to handle criticism or rejection and becoming defensive or aggressive
- Being overly sensitive and taking things too personally
- Being insecure about your own worth or attractiveness, which may lead to issues with intimacy and communication in the relationship."
Cheating,3,2,Trust Issues,Cheating is the act of being unfaithful to one's partner by engaging in romantic or sexual activities with someone else. It is a breach of trust in a relationship and can lead to the breakdown of the relationship. Cheating often leads to trust issues and can be a significant reason for a partner to leave the relationship.,üëÄ,"- Having an affair with another person while in a committed relationship
- Engaging in emotional or physical intimacy with someone else behind your partner's back
- Being dishonest about your whereabouts or activities with someone else
- Flirting with or pursuing romantic relationships with other people while in a committed relationship
- Lying to your partner about your feelings or intentions towards someone else
- Using dating or hookup apps to meet and pursue other people while in a committed relationship."
Lack Of Affection,6,2,Lack Of Emotional Support,"Lack of affection refers to a situation where a person feels emotionally neglected and unloved. It can be a significant factor in a relationship and may lead to the breakdown of the relationship. When a partner does not receive the emotional support they need, they may feel unimportant, unappreciated, and unloved, leading them to leave the relationship.",üíî,"- Not showing physical affection (hugging, kissing, holding hands)
- Not expressing verbal affection (saying ""I love you,"" giving compliments)
- Not showing interest in partner's life or emotions
- Not offering emotional support during difficult times
- Not spending quality time together
- Not showing appreciation or gratitude for partner's efforts or contributions
- Not initiating intimacy or sexual activity
- Not being attentive to partner's needs or desires."
Lack Of Validation,3,2,Lack Of Emotional Support,"Lack of validation refers to a failure to acknowledge and appreciate someone's feelings, experiences, or perspectives. It can lead to feelings of neglect, unworthiness, and resentment, ultimately causing strain in the relationship and potentially contributing to why she left you.",üëé,"- Ignoring her feelings when she expressed them
- Dismissing her opinions or beliefs as unimportant
- Not showing interest in her hobbies or passions
- Failing to acknowledge her accomplishments or successes
- Belittling her emotions or experiences"
Lack Of Appreciation,3,2,Lack Of Emotional Support,"Lack of appreciation is the failure to acknowledge and value someone's efforts, contributions, or qualities. It can lead to feelings of neglect and unfulfillment, especially in romantic relationships. As a result, it can be one of the reasons why she left you, as it can create a sense of disconnection and dissatisfaction in the relationship.",üôÑ,"- You never thanked her for cooking, cleaning, or doing anything around the house
- You forgot her birthday or anniversary, or didn't get her a thoughtful gift
- You never listened to her when she needed to talk or vent about something
- You criticized her for small mistakes or didn't acknowledge her accomplishments
- You took her for granted and never expressed gratitude for her presence in your life"
Debt,7,3,Lack Of Financial Stability,"Debt refers to the amount of money owed to creditors or lenders. It is a form of financial liability that can cause instability and stress. In the context of relationships, debt can be a contributing factor to why someone may choose to leave their partner. Financial problems, including debt, can create tension and strain in a relationship, causing one partner to feel overwhelmed and unsupported.",üí∏,"- Maxed out credit cards
- Unpaid bills and utilities
- Large student loan debt
- Constantly borrowing from family and friends
- Overspending and living beyond means
- Inability to make rent or mortgage payments
- Ignoring debt and not taking steps to address it
- Financial secrets and hiding debt from partner
- Prioritizing personal spending over joint expenses
- Refusing to seek help or counseling for financial issues."
Unemployment,6,3,Lack Of Financial Stability,"Unemployment is a state of being without a job, leading to a lack of financial stability. This can be a subset of broader financial problems, which may contribute to relationship issues such as why she left you.",üíº,"- Losing your job due to layoffs or downsizing
- Being unable to find employment after completing your education or training
- Being fired or dismissed from your job due to poor performance or misconduct
- Having to leave your job due to health issues or disability
- Facing discrimination or bias in the job market based on factors such as age, race, or gender
- Being unable to work due to caregiving responsibilities for a family member
- Being unable to find work due to a lack of available jobs in your area or industry."
Low Income,4,3,Lack Of Financial Stability,"Low income refers to a situation where an individual or household does not earn enough money to meet their basic needs and expenses. This can lead to financial instability and a range of related issues, including difficulty paying bills and accumulating debt. In some cases, low income may be a contributing factor to relationship problems and breakups, as financial stress can place strain on a couple's dynamic.",üí∏,"- Struggling to pay rent or mortgage payments
- Having to choose between paying bills and buying groceries
- Not being able to afford necessary medical expenses or healthcare
- Unable to take vacations or participate in leisure activities due to lack of funds
- Living paycheck to paycheck with no savings or emergency funds."
Lack Of Savings,3,3,Lack Of Financial Stability,"Lack of savings refers to the situation where an individual does not have enough money set aside for emergencies, unexpected expenses, or retirement. This leads to financial instability and can be a contributing factor to relationship problems, including why she left you.",üí∏,"- Always living paycheck to paycheck without any form of emergency savings
- Not contributing to a retirement account or having any form of long-term savings plan
- Consistently overspending and not budgeting effectively
- Accumulating high levels of credit card debt and struggling to make minimum payments
- Not having any form of insurance (health, home, car, etc.) and leaving yourself vulnerable to financial risk"
Gambling Addiction,7,3,Financial Infidelity,"Gambling addiction is a compulsive behavior that involves risking money or valuables in games of chance, often leading to financial problems and even financial infidelity. It can be a contributing factor in relationships ending, including the reason why she left you.",üí∏,"- Maxing out credit cards or taking out loans to fund gambling habits
- Hiding gambling losses or lying about the extent of the problem
- Spending excessive amounts of time and money on gambling, neglecting responsibilities and relationships
- Neglecting basic needs like food and shelter in order to gamble
- Continuing to gamble despite negative consequences like financial ruin or strained relationships."
Overspending,6,3,Financial Infidelity,"Overspending is the act of spending more money than one can afford or budget for. It is a form of financial infidelity that can lead to significant financial problems, including debt, bankruptcy, and relationship issues. Overspending can also be a contributing factor to why a partner may leave a relationship due to the strain it puts on the couple's finances and communication.",üí∏,"- Buying luxury items or designer clothing that are beyond your budget
- Going out to eat or ordering takeout multiple times a week instead of cooking at home
- Purchasing expensive electronics or gadgets that you don't necessarily need
- Taking frequent trips or vacations that are not within your means
- Making large purchases without consulting your partner or going over budget
- Having multiple credit cards with high balances that you are unable to pay off
- Spending money on hobbies or interests that are costly and not necessary for daily life"
Not Contributing To Shared Expenses,3,3,Financial Infidelity,Not contributing to shared expenses refers to a situation where one partner fails to financially support the household or contribute to the expenses of the relationship. This can be considered financial infidelity and can lead to a breakdown in trust and ultimately contribute to the reasons why she left you.,üí∏,"- Refusing to pay for any household expenses, such as rent, utilities, or groceries
- Hiding income or assets from the partner and not disclosing them for shared expenses
- Refusing to budget or contribute to a joint savings account for future expenses or emergencies
- Spending frivolously without considering the impact on shared finances or the partner's financial goals
- Making unilateral financial decisions without consulting the partner, such as taking out loans or opening credit cards in their name without their knowledge or consent."
Hidden Debts,3,3,Financial Infidelity,"Hidden debts refer to undisclosed financial obligations or liabilities that one partner may have kept secret from the other in a relationship. This kind of financial infidelity can be a significant cause of trust issues, leading to arguments and ultimately, a breakup. Hidden debts can create a lot of stress and anxiety, leading to a breakdown in communication and a lack of transparency in the relationship.",üí∞,"- Multiple credit cards or loans taken out without informing the partner, resulting in a significant debt that was kept hidden.
- Overspending on non-essential items such as shopping, gambling, or vacations and accumulating debt that was not revealed to the partner.
- Failing to pay bills or rent on time, leading to significant late fees or penalties, which were not disclosed to the partner."
Lack Of Active Listening,4,3,Poor Communication Skills,"Lack of active listening refers to the failure to fully engage in and comprehend what the other person is saying during communication. It is a common communication issue that can lead to misunderstandings, frustration, and ultimately, relationship problems. It may be one of the reasons why she left you, as it can create a sense of neglect and lack of emotional connection in the relationship.",üôâ,"- Interrupting her while she was speaking
- Not responding to her questions or comments
- Ignoring her body language or nonverbal cues
- Failing to ask follow-up questions or show interest in what she was saying
- Getting distracted or multitasking during conversations with her."
Inability To Express Emotions Effectively,3,3,Poor Communication Skills,"""Inability to express emotions effectively"" refers to a difficulty in conveying one's feelings and thoughts in a clear and appropriate manner. This can lead to poor communication skills, which can be a contributing factor in relationship issues and ultimately, the reasons why she left you.",üò∂,"- Difficulty in expressing affection and appreciation verbally or physically
- Inability to communicate needs and desires clearly and assertively
- Tendency to shut down or withdraw when feeling overwhelmed or upset
- Reluctance to engage in conversations about difficult or sensitive topics
- Inconsistent or confusing emotional responses that do not match the situation or the partner's expectations"
Eye Contact,5,3,Non-Verbal Communication Issues,"Eye contact refers to the act of looking directly into someone's eyes during a conversation. It is a form of non-verbal communication that can convey various emotions, such as confidence, trust, and interest. Lack of eye contact can be a sign of disinterest or dishonesty, which may contribute to relationship issues and potentially lead to a breakup.",üëÄ,"- You frequently avoided looking her in the eyes during conversations.
- She noticed you would only maintain eye contact for brief periods of time.
- When discussing important topics, you would often look away or down instead of directly at her.
- You seemed uncomfortable or nervous when making eye contact with her.
- She felt like you were not fully engaged in the conversation because of your lack of eye contact."
Tone Of Voice,4,3,Non-Verbal Communication Issues,"Tone of Voice refers to the way one speaks, including the pitch, volume, and intonation. It can convey different emotions or attitudes, such as confidence, anger, or sarcasm. Poor communication skills, including a negative or abusive tone of voice, can be a reason why she left you.",üó£Ô∏è,"- Speaking in a condescending or patronizing tone
- Yelling or speaking aggressively
- Speaking in a monotone or unenthusiastic tone
- Using sarcasm or passive-aggressive language
- Speaking too loudly or too softly
- Interrupting or talking over the other person
- Using offensive or derogatory language
- Speaking in a dismissive or disinterested tone."
Gestures,3,3,Non-Verbal Communication Issues,"Gestures are non-verbal movements or actions that convey a message or emotion. They are a subset of communication issues that can contribute to misunderstandings or conflict in relationships, potentially leading to reasons why she left you. Understanding and addressing non-verbal communication issues, such as gestures, can be important in maintaining healthy relationships.",üëã,"- Rolling her eyes or sighing heavily when you speak
- Avoiding physical touch or intimacy
- Crossed arms or closed body language during conversations
- Lack of eye contact or looking away frequently
- Fidgeting or playing with objects during important discussions
- Using aggressive or dismissive hand gestures when communicating
- Avoiding answering questions directly or being evasive in responses
- Interrupting or talking over you during conversations
- Ignoring or not acknowledging your presence or attempts to communicate."
Lying,7,3,Dishonesty In Communication,"Lying is the act of intentionally communicating false information, leading to a breach of trust and betrayal. It is a major component of communication issues that can lead to the breakdown of relationships and ultimately, reasons why she left you. Lying destroys the foundation of honesty and transparency necessary for healthy relationships to thrive.",ü§•,"- Telling her that you were at work when you were actually out with friends
- Lying about your past relationships or sexual history
- Concealing important information, such as financial struggles or addiction issues
- Making false promises or commitments that you had no intention of keeping
- Falsifying information about your personal achievements or accomplishments."
Withholding Information,4,3,Dishonesty In Communication,Withholding information refers to the act of deliberately keeping important facts or details from someone. It is a form of dishonesty in communication and can be a factor in relationship issues that lead to breakups.,ü§ê,"- Not telling her about important events or changes in your life, such as losing your job or receiving a promotion.
- Keeping secrets from her, such as hiding a past relationship or lying about your whereabouts.
- Failing to disclose your feelings or thoughts about important topics, such as your future plans or your stance on certain issues.
- Withholding information about your finances, such as hiding debt or making major purchases without discussing them with her.
- Not being transparent about your communication with others, such as not telling her about conversations you have had with an ex or a friend she doesn't like."
Exaggeration,3,3,Dishonesty In Communication,"Exaggeration is the act of overstating or magnifying the truth in communication. It can lead to misunderstandings, mistrust, and ultimately, relationship breakdowns. As a form of dishonesty, it can contribute to the reasons why someone might choose to leave a relationship.",ü§•,"- Claiming to have accomplished something that you actually did not do
- Making a big deal out of a minor issue or problem
- Inflating your own importance or accomplishments
- Exaggerating the severity of a situation to gain sympathy or attention
- Using hyperbole to make a point or argument, even if it is not entirely accurate"
Lack Of Transparency,3,3,Lack Of Communication,"Lack of transparency refers to a situation where there is a lack of openness, honesty, and clarity in communication or actions. It can lead to a breakdown of trust and can be a contributing factor to why she left you.",üïµÔ∏è‚Äç‚ôÇÔ∏è,"- Refusing to answer questions about your past or present actions
- Keeping secrets or withholding information from her
- Being dishonest about your intentions or feelings
- Making decisions without consulting her or considering her opinions
- Hiding financial information or spending habits
- Not following through on promises or commitments
- Avoiding difficult conversations or topics
- Concealing important details about your life or relationships."
Fear Of Abandonment,7,3,Insecurity,"Fear of abandonment is an intense fear of being left alone or rejected, which can lead to clingy or controlling behavior in relationships. This fear can stem from past experiences of abandonment or a lack of emotional support in childhood. It can contribute to trust issues and ultimately be a factor in why someone may leave a relationship.",üö™,"- Constantly seeking reassurance and attention from their partner, to the point of being overly clingy or needy.
- Becoming jealous or possessive, and accusing their partner of cheating or wanting to leave them.
- Being unable to cope with any amount of distance or time apart from their partner, and feeling intense anxiety when their partner is not immediately available.
- Sabotaging the relationship by pushing their partner away or creating unnecessary drama, as a way to test their loyalty and commitment.
- Feeling insecure and unworthy of love, which can lead to self-sabotaging behavior or settling for less than they deserve in a relationship."
Jealousy,6,3,Insecurity,"Jealousy is a complex emotion that stems from a fear of losing something valuable, be it a person, possession, or opportunity. It often arises from a lack of trust and security in oneself or in a relationship, and can lead to destructive behaviors that ultimately push people away. If left unchecked, jealousy can be a major factor in why someone may choose to end a relationship.",üëÄ,"- Constantly accusing her of cheating or flirting with other men, even without evidence
- Limiting her interactions with male friends or colleagues out of fear that she will develop feelings for them
- Monitoring her social media activity and becoming upset if she interacts with other men online
- Making derogatory comments about other women in her presence, indicating a lack of trust in her ability to remain faithful
- Becoming angry or upset when she spends time with friends or family without including you in the plans, as if you believe she's hiding something from you."
Low Self-Esteem,4,3,Insecurity,"Low self-esteem is a psychological condition characterized by a negative self-image and lack of confidence in one's abilities or worth. It can lead to feelings of insecurity and self-doubt, which can impact relationships and contribute to trust issues. Low self-esteem may be a factor in why your partner left you, as it can affect how you communicate and interact with others.",üòî,"- Constantly seeking validation or reassurance from your partner
- Putting yourself down or criticizing yourself frequently
- Avoiding social situations or activities that may challenge your self-image
- Being overly sensitive to criticism or rejection
- Struggling to make decisions or assert yourself in relationships
- Being overly self-conscious or concerned with how others perceive you
- Feeling unworthy of love or affection
- Self-sabotaging behaviors, such as cheating or pushing your partner away
- Difficulty accepting compliments or praise
- Comparing yourself unfavorably to others."
Overthinking,3,3,Insecurity,"Overthinking is a state of mind where a person excessively analyzes and dwells on a situation or problem, often leading to negative or irrational thoughts and actions. It is often linked to insecurity and trust issues, which can contribute to the breakdown of a relationship and ultimately lead to why she left you.",ü§Ø,"- Constantly questioning her motives and actions, even when there is no evidence of wrongdoing
- Creating hypothetical scenarios in your head and obsessing over how you would react in each one
- Reading into every text message or conversation and looking for hidden meanings or subtext
- Second-guessing your own actions and words, worrying that you may have said or done something wrong
- Feeling overwhelmed by the need to constantly be in control of the relationship and its outcome
- Allowing small issues to escalate into major problems because of your tendency to overthink and obsess
- Struggling to make decisions because you are constantly overanalyzing every possible outcome
- Feeling anxious or stressed when you are not actively working through a problem or situation in your mind."
Flirting With Others,3,3,Cheating,"Flirting with others refers to engaging in playful, romantic or sexual interactions with someone other than your partner. It is considered a form of betrayal, which can lead to a breakdown of trust in the relationship. This breach of trust can ultimately lead to the end of the relationship, as it is often seen as a sign of disrespect and disloyalty towards one's partner.",üíã,"- You frequently made suggestive comments or innuendos towards other people, either in person or online.
- You would often spend time alone with a specific person who you knew had feelings for you, and would engage in intimate conversations or physical contact.
- You would regularly check out or flirt with other people in your partner's presence, without regard for their feelings or discomfort.
- You would hide certain conversations or interactions with other people from your partner, perhaps because you knew they would be upset or jealous.
- You would often prioritize spending time with other people over your partner, and would cancel plans or ignore their calls/texts in favor of hanging out with someone else."
Cheating With An Ex,3,3,Cheating,Cheating with an ex refers to being unfaithful to your current partner by engaging in romantic or sexual activities with an ex-partner. This behavior violates the trust and commitment in the current relationship and can be a major reason why a partner may choose to end the relationship.,üíî,"- Meeting up with an ex-partner behind your current partner's back
- Engaging in sexual activities with an ex-partner while in a committed relationship
- Lying about your communication or relationship with an ex-partner
- Prioritizing your relationship with an ex-partner over your current partner
- Keeping secrets about your past relationship with an ex-partner that may be relevant to your current relationship."
Lack Of Physical Affection,6,3,Lack Of Affection,"Lack of physical affection refers to the absence or insufficiency of physical touch, hugs, kisses, and other forms of intimate physical contact in a relationship. It is one of the reasons why she left you, as it can make her feel unloved, neglected, and unappreciated. This lack of emotional support can further exacerbate the feelings of isolation and disconnection in a relationship.",üíî,"- Rarely initiating physical touch, such as holding hands or cuddling
- Avoiding physical contact during arguments or emotional moments
- Showing little to no interest in sexual intimacy
- Refusing to hug or kiss goodbye or hello
- Not making an effort to physically comfort her when she is upset or stressed"
Lack Of Emotional Intimacy,6,3,Lack Of Affection,"Lack of emotional intimacy refers to a relationship where partners have difficulty connecting on an emotional level, displaying affection, and providing emotional support. This can lead to feelings of isolation, loneliness, and disconnect, which can ultimately lead to a partner feeling unfulfilled in the relationship and choosing to leave.",üíî,"- Rarely expressing love or affection towards your partner, such as not saying ""I love you"" or never initiating physical touch or hugs.
- Refusing to discuss emotional issues or shutting down emotionally during important conversations, leaving your partner feeling unheard and unsupported.
- Failing to provide emotional validation or empathy, dismissing your partner's feelings or experiences and failing to show understanding.
- Not prioritizing quality time together, such as cancelling dates or regularly choosing to spend time with friends or alone instead of your partner.
- Withholding emotional support during difficult times, such as failing to comfort your partner during a loss or not being there for them when they need it."
Ignored Feelings,3,3,Lack Of Validation,"Ignored feelings refer to emotional experiences that are disregarded or invalidated by a partner. It can be a significant factor in a relationship breakdown, leading to feelings of neglect and resentment. When feelings are ignored, it can create a sense of emotional distance and lack of connection that can ultimately lead to the end of the relationship.",üëé,"- Dismissing her concerns or worries as unimportant or irrational
- Ignoring or belittling her feelings of sadness or anger
- Refusing to listen when she expresses her needs or desires
- Making her feel like her emotions are a burden or inconvenience
- Invalidating her experiences by telling her she's overreacting or being too sensitive
- Not showing empathy or understanding when she's going through a difficult time
- Criticizing or mocking her for expressing vulnerability or vulnerability in general."
Lack Of Understanding,4,3,Lack Of Appreciation,"Lack of understanding refers to the inability to comprehend or appreciate someone's feelings, thoughts, or actions. It can lead to a lack of emotional support and ultimately contribute to reasons why someone may choose to end a relationship.",ü§∑‚Äç‚ôÄÔ∏è,"- Not acknowledging her feelings when she expressed them
- Ignoring her interests and hobbies
- Failing to recognize the effort she put into the relationship
- Not being able to empathize with her struggles and challenges
- Dismissing her opinions and ideas without consideration
- Being insensitive towards her needs and desires
- Refusing to compromise and find common ground in disagreements
- Taking her for granted and not showing gratitude for her contributions
- Not being attentive to her emotional state and mood changes
- Being dismissive of her past experiences and traumas."
Lack Of Encouragement,3,3,Lack Of Appreciation,"Lack of Encouragement refers to the absence of positive feedback and motivation from a partner, leading to a feeling of under-appreciation and lack of self-confidence. It is one of the reasons why she left you, as it contributes to a negative and unsupportive relationship dynamic.",üëé,"- Never acknowledging her accomplishments or efforts
- Criticizing or belittling her ideas or goals
- Dismissing her feelings or concerns as unimportant or invalid
- Failing to offer words of encouragement or support during difficult times
- Refusing to participate in activities or hobbies that she enjoys or finds fulfilling
- Ignoring or minimizing her achievements or successes
- Making negative or sarcastic comments about her appearance or abilities
- Refusing to help or offer guidance when she asks for it
- Constantly pointing out her flaws or mistakes without offering suggestions for improvement
- Comparing her unfavorably to other people or past partners."
